"","player","position","team","points","sd_pts","dropoff","floor","ceiling","points_vor","floor_vor","ceiling_vor","rank","floor_rank","ceiling_rank","position_rank","tier","adp","aav","uncertainty"
"1","Saquon Barkley","RB","PHI",279,12,8.19,264,295,164,178,154,1,1,2,1,"1",5.72,51.9,4
"2","Bijan Robinson","RB","ATL",271,18.6,11.6,251,301,156,165,159,2,2,1,2,"1",3.57,54.7,14
"3","Jahmyr Gibbs","RB","DET",260,14.3,1.77,243,283,144,157,141,3,3,4,3,"1",6.82,47.5,7
"4","Derrick Henry","RB","BAL",258,18.1,22.6,235,291,142,149,149,4,4,3,4,"2",14,47,15
"5","Josh Jacobs","RB","GB",235,15.5,4.81,217,255,120,131,114,5,5,6,5,"2",19.9,36.3,11
"6","Jonathan Taylor","RB","IND",230,26.4,5.64,202,267,115,116,126,6,9,5,6,"2",18.3,45.3,65
"7","Christian McCaffrey","RB","SF",225,16.5,0.318,203,245,109,117,104,7,7,9,7,"2",12.2,49.4,17
"8","Ashton Jeanty","RB","LVR",224,11.3,0.273,212,243,109,125,101,8,6,10,8,"2",11.5,68.6,3
"9","Kyren Williams","RB","LAR",224,17.7,0.0666,203,247,109,117,105,9,8,8,9,"2",21.6,36.9,25
"10","Devon Achane","RB","MIA",224,12.9,6.37,199,234,109,113,92.7,10,10,14,10,"3",16.2,35.8,8
"11","Ja'Marr Chase","WR","CIN",236,19.4,25.7,215,265,105,103,107,11,12,7,1,"1",2.89,55.1,32
"12","Bucky Irving","RB","TB",218,17,8.56,193,238,102,107,96.9,12,11,11,11,"3",36.4,23.5,23
"13","Chase Brown","RB","CIN",209,20.8,2.44,180,234,93.8,94.2,92.1,13,14,15,12,"3",41.2,24.9,41
"14","James Cook","RB","BUF",207,20.3,14.2,182,231,91.3,96.1,89.1,14,13,17,13,"4",33.6,22.5,38
"15","Josh Allen","QB","BUF",361,23,1,329,388,87.3,69.6,91.4,15,22,16,1,"1",18.2,36.8,17
"16","Lamar Jackson","QB","BAL",360,21.1,13,334,390,86.3,74.6,93.8,16,19,13,2,"1",18.8,32.2,9
"17","Justin Jefferson","WR","MIN",210,23.3,12.6,187,255,79.6,74.5,96.8,17,20,12,2,"1",6.8,54.6,54
"18","Chuba Hubbard","RB","CAR",192,18.1,4.09,174,213,77.2,87.6,71.9,18,15,24,14,"4",58.1,20.2,31
"19","Jayden Daniels","QB","WAS",347,19.4,7.52,323,375,73.4,63.7,78.4,19,27,19,3,"2",34.8,22.2,6
"20","Breece Hall","RB","NYJ",188,17.4,1.16,170,214,73.1,83.6,72.4,20,16,22,15,"4",32.4,32.8,28
"21","Omarion Hampton","RB","LAC",187,27.2,0.0659,139,216,71.9,53.2,74.6,21,36,21,16,"4",41.6,44.5,79
"22","Kenneth Walker III","RB","SEA",187,18,2.49,161,213,71.9,75.2,71.3,22,18,25,17,"4",41.4,21.7,27
"23","Alvin Kamara","RB","NO",185,18,0.184,163,208,69.4,77.2,66.1,23,17,28,18,"4",43,23.4,32
"24","James Conner","RB","ARI",185,17.7,8.81,160,209,69.2,73.6,66.9,24,21,27,19,"5",51,19.9,30
"25","CeeDee Lamb","WR","DAL",197,16,2.84,171,216,67,59.1,57.6,25,31,32,3,"1",6.91,53.5,11
"26","Jalen Hurts","QB","PHI",339,10.4,12.8,326,353,65.8,67,57.1,26,23,33,4,"3",30.2,25.4,1
"27","Nico Collins","WR","HOU",194,16.8,0.23,174,217,64.2,62,59.4,27,29,30,4,"1",18.8,36.6,33
"28","Puka Nacua","WR","LAR",194,15.1,1.84,176,213,64,64.3,55,28,26,34,5,"2",14.6,40.7,17
"29","Brian Thomas Jr.","WR","JAC",192,25.4,1.93,163,233,62.1,50.7,75.4,29,38,20,6,"2",31.1,26.8,69
"30","Brock Bowers","TE","LVR",152,8.37,0.157,142,164,61.9,62.1,58.9,30,28,31,1,"1",37.5,25,6
"31","George Kittle","TE","SF",151,14.6,3.28,136,173,61.7,55.4,67.9,31,34,26,2,"1",42.6,20,51
"32","D'Andre Swift","RB","CHI",176,23,8.26,145,214,60.4,58.8,72,32,32,23,20,"5",63.3,15.5,56
"33","Malik Nabers","WR","NYG",190,27.6,6.19,162,238,60.2,50.2,80.3,33,39,18,7,"2",19.8,33.1,78
"34","Trey McBride","TE","ARI",148,6.67,24.8,141,157,58.4,61.2,51.4,34,30,35,3,"2",36.2,24.2,1
"35","Amon-Ra St. Brown","WR","DET",184,14.4,6.44,168,202,54,55.4,44.2,35,35,39,8,"3",13.9,49.4,10
"36","Joe Burrow","QB","CIN",327,19.2,27.6,300,346,53.1,40.6,50.3,36,45,36,5,"4",31.8,22.1,3
"37","David Montgomery","RB","DET",167,11.7,0.127,152,183,52.1,66,41.4,37,24,40,21,"5",62.4,13.5,6
"38","TreVeyon Henderson","RB","NE",167,22.4,5.72,144,205,52,57.3,63.4,38,33,29,22,"6",61.1,32.3,61
"39","A.J. Brown","WR","PHI",178,16.5,6.12,158,206,47.6,46,47.6,39,42,38,9,"3",21.6,39.3,22
"40","Joe Mixon","RB","HOU",162,25.6,0.797,118,192,46.3,31.6,50.2,40,50,37,23,"6",64.1,17.2,86
"41","Tony Pollard","RB","TEN",161,5.89,2.64,151,168,45.5,65.2,26.7,41,25,57,24,"6",80.5,11.7,1
"42","Aaron Jones","RB","MIN",158,13.1,1.84,138,177,42.8,52.1,35.2,42,37,44,25,"6",67.7,15.7,10
"43","Drake London","WR","ATL",172,15.5,1.14,159,199,41.5,46.5,40.8,43,41,41,10,"3",24.6,32.4,28
"44","RJ Harvey","RB","DEN",156,18.1,5.75,134,177,41,47.7,35.1,44,40,45,26,"6",70.6,24.2,45
"45","Ladd McConkey","WR","LAC",171,17.1,1.02,152,197,40.3,39.5,38.7,45,47,42,11,"3",43.7,21.2,38
"46","Tyreek Hill","WR","MIA",170,10.2,1.77,157,188,39.3,45.2,29.6,46,43,53,12,"3",31.4,40.2,3
"47","Mike Evans","WR","TB",168,12.8,2.82,156,187,37.5,43.4,28.8,47,44,55,13,"3",39.4,25.6,18
"48","Tyrone Tracy","RB","NYG",151,19.2,4.9,127,173,35.2,40.5,31,48,46,50,27,"7",94.1,8.21,48
"49","Tee Higgins","WR","CIN",165,18.7,0.071,136,185,34.7,23.5,27.2,49,62,56,14,"3",38.9,22.9,44
"50","Terry McLaurin","WR","WAS",165,15.6,0.425,148,189,34.6,36.3,30.5,50,48,51,15,"3",50,17.8,42
"51","Davante Adams","WR","LAR",164,18.8,5.86,141,191,34.2,29.2,32.8,51,51,47,16,"4",39,29.6,47
"52","Sam LaPorta","TE","DET",123,11,3.64,109,139,33.6,28.7,33.9,52,52,46,4,"2",51.4,17.3,20
"53","Brian Robinson","RB","WAS",146,19.9,0.493,111,167,30.3,24.4,25.1,53,58,59,28,"7",85.9,8.68,39
"54","Mark Andrews","TE","BAL",120,11.3,12.5,107,137,30,26.6,31.6,54,56,48,5,"3",72.6,10,49
"55","Kaleb Johnson","RB","PIT",145,25.2,1.53,104,173,29.9,18.2,31.6,55,66,49,29,"7",74.1,26.8,73
"56","Jaxon Smith-Njigba","WR","SEA",159,16.7,2.16,137,184,28.4,24.4,26.2,56,59,58,17,"4",51,16.8,39
"57","Isiah Pacheco","RB","KC",144,21.9,16.9,113,172,28.3,26.7,30.2,57,55,52,30,"8",75,12.9,52
"58","Marvin Harrison Jr.","WR","ARI",156,13.3,1.6,136,175,26.2,24.1,16.8,58,60,64,18,"4",39.2,27.2,31
"59","Patrick Mahomes","QB","KC",299,13.4,3.27,283,319,25.5,23.3,22.7,59,63,60,6,"4",42.4,21.6,11
"60","DK Metcalf","WR","PIT",155,5.22,1,147,162,24.6,34.6,3.9,60,49,101,19,"4",49.3,22.6,1
"61","Xavier Worthy","WR","KC",154,17.6,1.48,129,175,23.6,16.8,17,61,69,63,20,"4",65.6,10.8,65
"62","Kyler Murray","QB","ARI",296,23.9,4.18,270,333,22.2,11,36.6,62,78,43,7,"4",74.6,10.6,60
"63","Jameson Williams","WR","DET",152,13.4,1.44,140,173,22.1,27.7,15,63,53,65,21,"4",73.9,9.04,36
"64","Courtland Sutton","WR","DEN",151,12.2,0.0523,139,171,20.7,27,13.2,64,54,67,22,"4",67,14.9,15
"65","D.J. Moore","WR","CHI",151,12.1,2.65,137,170,20.6,24.7,12.1,65,57,70,23,"4",53.8,18.6,12
"66","Baker Mayfield","QB","TB",292,13.6,4.63,275,308,18,16,11.8,66,70,73,8,"4",64.8,10.8,23
"67","Calvin Ridley","WR","TEN",148,11.9,0.441,135,164,18,23,5.77,67,64,95,24,"4",73.7,12,25
"68","Brian Branch","DB","DET",109,10.1,4,102,116,17.8,15.3,14.7,68,71,66,1,"1",NA,NA,36
"69","Garrett Wilson","WR","NYJ",148,11.4,0.917,134,167,17.5,21.5,9.42,69,65,80,25,"4",39.1,29,4
"70","T.J. Hockenson","TE","MIN",107,6.86,3.29,97.8,116,17.4,17.7,11.2,70,67,74,6,"3",73.1,9.98,3
"71","DeVonta Smith","WR","PHI",147,14.1,2.56,130,166,16.6,17.5,7.68,71,68,86,26,"5",58.5,16.3,35
"72","Brandon Aubrey","K","DAL",164,14.4,14,138,181,16.6,-0.122,22.7,72,131,61,1,"1",111,4.27,32
"73","Travis Kelce","TE","KC",104,11.3,3.93,86.1,118,14.2,5.94,13.1,73,97,68,7,"3",64.9,17,37
"74","Zay Flowers","WR","BAL",144,11.7,3.72,125,158,14.1,13,0,74,75,130,27,"5",67.1,9.75,21
"75","Kerby Joseph","DB","DET",105,9.19,0.657,98.7,111,13.8,11.9,10.1,75,76,78,2,"1",NA,6.29,49
"76","Bo Nix","QB","DEN",287,19.5,5.62,261,314,13.4,1.94,17.6,76,114,62,9,"5",75.3,11.6,43
"77","Jessie Bates","DB","ATL",104,4.53,3.12,101,107,13.1,14.2,5.98,77,73,93,3,"1",NA,7.44,18
"78","Jaylen Warren","RB","PIT",127,16,7.03,110,152,11.5,23.6,10.4,78,61,77,31,"8",102,6.18,35
"79","George Pickens","WR","DAL",141,9.19,2.75,126,155,10.3,14.3,-3.52,79,72,166,28,"5",71.4,11.6,8
"80","Tucker Kraft","TE","GB",99.9,8.67,0.938,91.4,116,10.2,11.2,11,80,77,76,8,"3",114,4.1,17
"81","Kyle Hamilton","DB","BAL",101,4.95,0.0548,97.7,104,10,10.8,3.17,81,79,106,4,"1",NA,15.3,13
"82","Julian Love","DB","SEA",101,1.2,0.187,100,102,9.96,13.1,0.362,82,74,126,5,"1",NA,7.7,9
"83","Zaire Franklin","LB","IND",99.8,1.77,0.164,98.5,101,9.83,10.6,8.21,83,81,84,1,"1",NA,12.9,3
"84","Julian Blackmon","DB","NO",101,NA,1.71,NA,NA,9.77,NA,NA,84,NA,NA,6,"1",NA,4.75,98
"85","Maxx Crosby","DL","LVR",54,3.11,0.0188,51.7,56,9.75,9.68,8.17,85,83,85,1,"1",NA,17.7,18
"86","Andrew Van Ginkel","DL","MIN",53.9,2.05,2.51,52.6,55.4,9.73,10.6,7.67,86,80,87,2,"1",NA,9.84,23
"87","Andrew Van Ginkel","DL","MIN",53.9,2.05,2.51,52.6,55.4,9.73,10.6,7.67,86,80,87,2,"1",NA,9.84,69
"88","Zack Baun","LB","PHI",99.7,7.14,1.49,95.1,105,9.67,7.15,12.2,87,92,69,2,"1",NA,16.2,56
"89","David Njoku","TE","CLE",98.9,7.15,5.46,88,106,9.28,7.82,1.14,88,87,116,9,"4",95.6,6.17,11
"90","Fred Warner","LB","SF",98.2,0.636,2.98,97.7,98.6,8.17,9.76,5.83,89,82,94,3,"1",NA,13.5,1
"91","Reed Blankenship","DB","PHI",98.9,6.86,2.76,94.5,104,8.07,7.63,2.62,90,88,109,7,"2",NA,2.62,25
"92","Brock Purdy","QB","SF",281,11.7,2.85,265,296,7.8,5.37,0,91,98,130,10,"5",91.6,6.82,37
"93","Jerry Jeudy","WR","CLE",138,16.9,0.811,119,168,7.6,7.37,9.75,92,89,79,29,"5",88.8,9.36,57
"94","T.J. Watt","DL","PIT",51.4,2.19,3.61,50,53,7.23,8.03,5.27,93,86,96,3,"2",NA,20,10
"95","T.J. Watt","DL","PIT",51.4,2.19,3.61,50,53,7.23,8.03,5.27,93,86,96,3,"2",NA,20,56
"96","Rashee Rice","WR","KC",137,22.4,2.18,114,167,6.79,1.43,9,94,119,82,30,"5",66.7,13.9,88
"97","Budda Baker","DB","ARI",96.1,3.25,3.75,94,98.5,5.3,7.17,-2.79,95,90,161,8,"2",NA,10.8,2
"98","Foyesade Oluokun","LB","JAC",95.2,6.72,1.93,90.9,100,5.19,2.95,7.37,96,106,88,4,"1",NA,15,46
"99","Justin Fields","QB","NYJ",278,11.1,3.06,266,297,4.95,7.06,1.1,97,93,117,11,"5",102,6.46,66
"100","Deebo Samuel","WR","WAS",135,21.5,0.715,103,167,4.61,-9.06,9.29,98,215,81,31,"5",85,14.8,75
"101","Rhamondre Stevenson","RB","NE",120,21.1,2.33,92.2,148,4.42,5.95,6.13,99,96,91,32,"8",109,6.57,58
"102","Tetairoa McMillan","WR","CAR",134,17.2,0.924,115,164,3.9,2.47,6.16,100,110,90,32,"5",71.5,28.8,79
"103","Tyler Warren","TE","IND",93.5,7.99,1.68,84.6,105,3.82,4.45,-0.303,101,99,133,10,"4",115,10.6,34
"104","Nik Bonitto","DL","DEN",47.8,5.23,0.097,44.5,51.7,3.62,2.48,3.89,102,109,102,4,"2",NA,5.38,44
"105","Nik Bonitto","DL","DEN",47.8,5.23,0.097,44.5,51.7,3.62,2.48,3.89,102,109,102,4,"2",NA,5.38,88
"106","Texans","DST","HOU",98.9,7.9,0.566,90.3,108,3.55,3.01,1.36,103,105,114,1,"1",130,1.59,10
"107","Derrick Brown","DL","CAR",47.7,3.46,1.16,45.2,49.9,3.52,3.18,2.17,104,103,111,5,"3",NA,5.81,30
"108","Logan Wilson","LB","CIN",93.3,3.46,0.562,91.1,95.8,3.26,3.1,3.05,105,104,107,5,"2",NA,13.2,10
"109","Broncos","DST","DEN",98.3,10.1,2.99,87.3,113,2.99,0,6.5,106,130,89,2,"2",112,2.39,6
"110","Jaylen Waddle","WR","MIA",133,11.2,0.237,119,149,2.97,6.97,-9.31,107,94,226,33,"5",78.4,15.2,19
"111","Travis Hunter","WR","JAC",133,20.9,2.33,106,163,2.74,-6.52,4.73,108,184,99,34,"5",69.8,25.1,72
"112","Travis Hunter","WR","JAC",133,20.9,2.33,106,163,2.74,-6.52,4.73,108,184,99,34,"5",69.8,25.1,94
"113","Alex Singleton","LB","DEN",92.7,6.58,1.31,88.5,97.5,2.7,0.544,4.78,109,125,97,6,"2",NA,12,39
"114","Kaimi Fairbairn","K","HOU",150,6.49,0.296,141,159,2.61,2.37,0.551,110,112,123,2,"1",153,1.5,35
"115","Jonathan Greenard","DL","MIN",46.6,6.36,0.255,42.5,51.2,2.36,0.494,3.46,111,126,105,6,"3",NA,10,47
"116","Jonathan Greenard","DL","MIN",46.6,6.36,0.255,42.5,51.2,2.36,0.494,3.46,111,126,105,6,"3",NA,10,90
"117","Cameron Dicker","K","LAC",150,10.6,0.0632,129,159,2.32,-9.36,0.694,112,220,122,3,"1",136,2.65,16
"118","Chase McLaughlin","K","TB",150,9.11,0.71,133,159,2.25,-5.73,0.491,113,175,124,4,"1",149,2.27,29
"119","Dallas Goedert","TE","PHI",91.8,8.75,1.09,82.7,106,2.14,2.56,0.82,114,108,120,11,"4",132,4.87,29
"120","Aidan Hutchinson","DL","DET",46.3,4.1,0.598,43.3,48.9,2.11,1.3,1.16,115,121,115,7,"3",NA,12.2,25
"121","Quinshon Judkins","RB","CLE",117,34.9,0.171,80.2,171,2.09,-6.04,29.5,116,181,54,33,"8",117,13.2,99
"122","J.K. Dobbins","RB","DEN",117,16.1,1.92,94.9,141,1.92,8.7,-0.855,117,84,140,34,"8",110,8.02,68
"123","Justin Herbert","QB","LAC",275,12.7,1.88,260,294,1.88,0.214,-2.09,118,128,157,12,"5",110,8.35,51
"124","DeShon Elliott","DB","PIT",92.4,23.5,1.55,77.3,110,1.55,-9.53,8.32,119,222,83,9,"2",NA,7.68,78
"125","Jake Bates","K","DET",149,4.03,0.794,145,156,1.54,6.76,-1.92,120,95,155,5,"1",138,2.46,1
"126","Danielle Hunter","DL","HOU",45.7,3.18,0.994,43.4,47.8,1.51,1.38,-0.0277,121,120,131,8,"3",NA,13.3,13
"127","Danielle Hunter","DL","HOU",45.7,3.18,0.994,43.4,47.8,1.51,1.38,-0.0277,121,120,131,8,"3",NA,13.3,81
"128","Daiyan Henley","LB","LAC",91.4,0.919,0.194,90.7,92,1.39,2.77,-0.777,122,107,138,7,"2",NA,8.26,27
"129","T.J. Edwards","LB","CHI",91.2,1.84,0.945,90,92.6,1.2,2.07,-0.208,123,113,132,8,"2",NA,13,19
"130","Kyle Pitts","TE","ATL",90.7,5.61,1.05,83.7,98.2,1.05,3.53,-7.03,124,102,202,12,"4",123,6.31,9
"131","Jake Elliott","K","PHI",148,4.26,0.364,140,153,0.749,1.83,-5.78,125,116,183,6,"1",154,1.81,6
"132","Anfernee Jennings","DL","NE",44.7,0.424,0.514,44.4,45,0.514,2.41,-2.79,126,111,160,9,"4",NA,NA,35
"133","Jayden Reed","WR","GB",131,15.7,0.41,108,154,0.41,-3.71,-4.41,127,155,172,35,"5",108,3.61,50
"134","Matt Gay","K","WAS",148,6.95,0.384,142,160,0.384,3.98,1.89,128,100,112,7,"1",156,1.43,71
"135","Roquan Smith","LB","BAL",90.3,1.13,0.251,89.4,91,0.251,1.47,-1.78,129,118,152,9,"2",NA,20,2
"136","Caleb Williams","QB","CHI",273,18.3,3.87,259,308,0,0,11.8,130,130,72,13,"5",106,7.12,74
"137","Javonte Williams","RB","DAL",115,20.5,3.46,81.8,135,0,-4.44,-6.87,130,165,200,35,"8",114,7.99,70
"138","Rome Odunze","WR","CHI",130,18.6,1.26,108,154,0,-4.34,-3.64,130,164,167,36,"6",91.2,7.33,58
"139","Colston Loveland","TE","CHI",89.6,15.7,0.145,71.9,116,0,-8.31,11.1,130,204,75,13,"4",122,10.6,83
"140","Chris Boswell","K","PIT",147,4.59,0.544,142,153,0,3.98,-4.91,130,101,175,8,"1",145,1.98,45
"141","Ravens","DST","BAL",95.4,6.97,0.666,89,106,0,1.73,-0.777,130,117,137,3,"3",116,2.02,3
"142","Bradley Chubb","DL","MIA",44.2,3.68,0.0126,41.9,46.9,0,-0.145,-0.871,130,132,141,10,"4",NA,3.77,38
"143","Bradley Chubb","DL","MIA",44.2,3.68,0.0126,41.9,46.9,0,-0.145,-0.871,130,132,141,10,"4",NA,3.77,82
"144","Ernest Jones","LB","SEA",90,3.04,0.019,87.8,92,0,-0.179,-0.808,130,133,139,10,"2",NA,13.1,8
"145","Kevin Byard","DB","CHI",90.8,12,0.785,83.2,99.6,0,-3.7,-1.7,130,154,150,10,"2",NA,7.44,56
"146","Nick Bosa","DL","SF",44.2,4.88,0.0739,41.1,47.8,-0.0126,-0.928,0,131,134,130,11,"4",NA,11.7,32
"147","Bobby Okereke","LB","NYG",90,4.6,0.425,86.6,92.9,-0.019,-1.34,0.169,132,137,127,11,"2",NA,13.5,41
"148","Jared Verse","DL","LAR",44.1,7.14,1.16,38.9,48.7,-0.0865,-3.13,0.914,133,149,119,12,"4",NA,NA,51
"149","Jared Verse","DL","LAR",44.1,7.14,1.16,38.9,48.7,-0.0865,-3.13,0.914,133,149,119,12,"4",NA,NA,99
"150","Evan Engram","TE","DEN",89.5,9.5,1.26,80.2,104,-0.145,0,-0.723,134,130,136,14,"5",105,8.71,43
"151","Jamien Sherwood","LB","NYJ",89.6,2.19,0.594,88,91,-0.444,0,-1.8,135,130,153,12,"2",NA,12.6,36
"152","Jason Sanders","K","MIA",147,9.96,0.473,134,162,-0.544,-4.24,3.59,136,162,103,9,"1",140,1.63,68
"153","Eagles","DST","PHI",94.7,10.1,3.55,78.9,104,-0.666,-8.38,-3.11,137,205,163,4,"4",117,1.61,26
"154","Calen Bullock","DB","HOU",90,4.95,0.253,86.9,93.7,-0.785,0,-7.63,138,130,207,11,"2",NA,NA,64
"155","Harrison Butker","K","KC",146,5.52,0.371,138,154,-1.02,0,-4.25,139,130,171,10,"1",157,2.59,19
"156","Robert Spillane","LB","NE",89,6.15,0.311,84.5,92.9,-1.04,-3.5,0.146,140,153,128,13,"2",NA,11.3,34
"157","Antoine Winfield","DB","TB",89.8,8.84,0.716,84.1,96.3,-1.04,-2.74,-5.02,140,147,176,12,"3",NA,10.5,35
"158","Myles Garrett","DL","CLE",43,4.53,0.817,40.1,46.3,-1.24,-1.93,-1.49,141,141,148,13,"4",NA,20.7,31
"159","Jakobi Meyers","WR","LVR",129,6.57,1.47,120,138,-1.26,8.14,-20.3,142,85,361,37,"6",104,7.42,1
"160","Nick Bolton","LB","KC",88.7,5.59,2.03,85.1,92.8,-1.35,-2.87,0,143,148,130,14,"3",NA,12,32
"161","Evan McPherson","K","CIN",146,7.04,0.671,140,158,-1.39,1.89,0,144,115,130,11,"1",175,1.79,39
"162","Jonnu Smith","TE","PIT",88.2,15.7,1.44,72.5,109,-1.41,-7.66,3.96,145,198,100,15,"5",135,2.49,91
"163","Xavier McKinney","DB","GB",89.1,1.41,0.24,88,90,-1.75,1.16,-11.3,146,123,243,13,"3",NA,NA,7
"164","Camryn Bynum","DB","IND",88.8,1.27,0.387,88,89.8,-1.99,1.15,-11.5,147,124,247,14,"3",NA,4.78,29
"165","Tyler Bass","K","BUF",145,9.47,1.47,131,160,-2.06,-7.25,1.38,148,197,113,12,"1",159,1.57,61
"166","Jeffery Simmons","DL","TEN",42.1,2.83,0.00397,40.1,44,-2.06,-1.93,-3.82,149,140,169,14,"4",NA,5.69,21
"167","Jaelan Phillips","DL","MIA",42.1,8.77,0.143,36.5,48.6,-2.07,-5.47,0.805,150,172,121,15,"4",NA,5.04,79
"168","Jaelan Phillips","DL","MIA",42.1,8.77,0.143,36.5,48.6,-2.07,-5.47,0.805,150,172,121,15,"4",NA,5.04,96
"169","Khalil Mack","DL","LAC",42,1.01e-14,0.101,42,42,-2.21,0,-5.78,151,130,182,16,"4",NA,3.29,12
"170","Khalil Mack","DL","LAC",42,1.01e-14,0.101,42,42,-2.21,0,-5.78,151,130,182,16,"4",NA,3.29,42
"171","Harold Landry","DL","NE",41.9,2.9,0.0569,40,44,-2.31,-1.96,-3.75,152,143,168,17,"4",NA,3.05,22
"172","Harold Landry","DL","NE",41.9,2.9,0.0569,40,44,-2.31,-1.96,-3.75,152,143,168,17,"4",NA,3.05,73
"173","Josh Allen","DL","JAC",41.8,1.77,0.0106,40.5,43,-2.37,-1.46,-4.81,153,139,173,18,"4",NA,4.97,14
"174","Josh Allen","DL","JAC",41.8,1.77,0.0106,40.5,43,-2.37,-1.46,-4.81,153,139,173,18,"4",NA,4.97,74
"175","DeForest Buckner","DL","IND",41.8,6.36,0.322,37.2,45.9,-2.38,-4.84,-1.87,154,168,154,19,"4",NA,7.46,45
"176","Coby Bryant","DB","SEA",88.4,33.7,0.347,66.9,113,-2.38,-20,11.9,155,343,71,15,"3",NA,3.19,96
"177","Gregory Rousseau","DL","BUF",41.5,0.778,0.417,41,42.1,-2.7,-0.988,-5.7,156,135,181,20,"5",NA,4.78,6
"178","Jordan Addison","WR","MIN",128,19.1,1.04,113,164,-2.72,1.3,6.04,157,122,92,38,"6",100,4.9,67
"179","Andrew Mukuba","DB","PHI",88.1,NA,0.504,NA,NA,-2.73,NA,NA,158,NA,NA,16,"3",NA,5.23,99
"180","Zach Ertz","TE","WAS",86.8,11.2,1.63,73.1,105,-2.85,-7.06,0,159,194,130,16,"5",148,3.45,57
"181","Brian Burns","DL","NYG",41.1,0.141,0.229,41,41.2,-3.12,-0.998,-6.58,160,136,196,21,"5",NA,6.94,1
"182","Brian Burns","DL","NYG",41.1,0.141,0.229,41,41.2,-3.12,-0.998,-6.58,160,136,196,21,"5",NA,6.94,43
"183","Nick Cross","DB","IND",87.6,11.6,0.194,80.2,96.1,-3.23,-6.7,-5.19,161,187,178,17,"3",NA,9.74,65
"184","Alex Highsmith","DL","PIT",40.9,7.42,0.0589,36.1,46.3,-3.35,-5.89,-1.46,162,178,147,22,"5",NA,5.11,58
"185","Alex Highsmith","DL","PIT",40.9,7.42,0.0589,36.1,46.3,-3.35,-5.89,-1.46,162,178,147,22,"5",NA,5.11,99
"186","Jordyn Brooks","LB","MIA",86.6,7.07,0.261,82.1,91.8,-3.38,-5.85,-0.936,163,177,143,15,"3",NA,10.8,31
"187","Leonard Williams","DL","SEA",40.8,8.56,0.306,35.3,47.1,-3.4,-6.67,-0.69,164,185,135,23,"5",NA,5.76,83
"188","Brandon Jones","DB","DEN",87.4,14.4,0.377,78.2,97.9,-3.43,-8.66,-3.36,165,208,165,18,"3",NA,10.5,67
"189","Zach Charbonnet","RB","SEA",112,20,1.43,82.2,142,-3.46,-4.08,0,166,160,130,36,"9",124,4.54,46
"190","Younghoe Koo","K","ATL",144,9.23,0.318,133,156,-3.53,-4.99,-2.01,167,170,156,13,"1",160,1.37,58
"191","Kaden Elliss","LB","ATL",86.4,0.566,0.571,86,86.8,-3.64,-1.95,-5.98,168,142,192,16,"3",NA,4.87,5
"192","Carl Granderson","DL","NO",40.5,3.82,0.0524,37.7,42.9,-3.71,-4.31,-4.84,169,163,174,24,"5",NA,NA,34
"193","Cameron Heyward","DL","PIT",40.4,6.79,1.37,36.1,45.4,-3.76,-5.9,-2.35,170,179,158,25,"5",NA,2.76,61
"194","Jauan Jennings","WR","SF",126,13.4,0.167,112,147,-3.77,0.24,-11.1,171,127,240,39,"6",107,9.05,40
"195","Jordan Battle","DB","CIN",87,4.31,0.471,84.3,90.2,-3.8,-2.61,-11.1,172,145,239,19,"3",NA,2.3,33
"196","Wil Lutz","K","DEN",144,5.23,1.38,138,153,-3.85,0.0542,-5.68,173,129,180,14,"1",169,1.95,48
"197","Jared Goff","QB","DET",270,20,5.18,247,300,-3.87,-12,3.55,174,245,104,14,"6",95.2,7.12,80
"198","Chris Olave","WR","NO",126,19.1,2.39,102,157,-3.94,-9.78,-1.35,175,224,146,40,"6",91.6,8.4,62
"199","Troy Reeder","LB","LAR",85.8,NA,0.745,NA,NA,-4.21,NA,NA,176,NA,NA,17,"3",NA,6.07,92
"200","Cowboys","DST","DAL",91.1,11.6,1.59,80.2,107,-4.22,-7.14,0,177,195,130,5,"5",159,0.59,97
"201","Chauncey Gardner-Johnson","DB","HOU",86.6,20.1,0.566,73.7,101,-4.27,-13.2,0,178,256,130,20,"3",NA,3.38,93
"202","Hunter Henry","TE","NE",85.2,7.88,2.09,77.6,98.1,-4.47,-2.62,-7.1,179,146,203,17,"5",156,3.55,23
"203","Jaquan Brisker","DB","CHI",86,21.4,0.689,72.3,102,-4.84,-14.6,0.369,180,276,125,21,"3",NA,8.11,73
"204","Travis Etienne","RB","JAC",110,21,0.443,83.8,144,-4.89,-2.41,2.62,181,144,110,37,"9",99.6,16.2,66
"205","Alex Anzalone","LB","DET",85.1,2.97,0.787,82.9,87,-4.95,-5.08,-5.81,182,171,184,18,"3",NA,6.43,42
"206","Micah Parsons","DL","DAL",39.1,1.41,0.166,38,40,-5.13,-3.97,-7.8,183,159,209,26,"5",NA,12.8,8
"207","Micah Parsons","DL","DAL",39.1,1.41,0.166,38,40,-5.13,-3.97,-7.8,183,159,209,26,"5",NA,12.8,48
"208","Tyler Loop","K","BAL",142,3.83,0.724,135,145,-5.22,-3.46,-13.7,184,152,273,15,"2",187,1.71,74
"209","Kobie Turner","DL","LAR",38.9,0.141,0.442,38.8,39,-5.3,-3.2,-8.78,185,150,219,27,"5",NA,4.92,5
"210","Najee Harris","RB","LAC",110,20.7,0.776,78.4,132,-5.33,-7.84,-9.55,186,200,228,38,"9",121,5.85,69
"211","Trevon Moehrig","DB","CAR",85.3,9.62,0.4,79.1,92.4,-5.53,-7.73,-8.94,187,199,221,22,"3",NA,5.62,51
"212","AShawn Robinson","DL","CAR",38.5,8.34,0.0654,33.1,44.6,-5.74,-8.88,-3.18,189,212,164,28,"5",NA,NA,70
"213","Lavonte David","LB","TB",84.3,4.17,0.259,81.2,86.9,-5.74,-6.75,-5.83,188,188,186,19,"3",NA,13.3,12
"214","Rams","DST","LAR",89.6,9,0.686,78.3,100,-5.81,-9.01,-6.82,191,214,199,6,"6",163,0.565,39
"215","Tershawn Wharton","DL","CAR",38.4,NA,0.815,NA,NA,-5.81,NA,NA,190,NA,NA,29,"6",NA,4.37,NA
"216","Derwin James","DB","LAC",84.9,2.9,0.00212,83,87,-5.93,-3.83,-14.3,192,157,286,23,"3",NA,17.4,5
"217","Grant Delpit","DB","CLE",84.9,1.98,0.377,83.6,86.4,-5.93,-3.24,-15,193,151,293,24,"3",NA,3.29,15
"218","Daniel Carlson","K","LVR",142,4.93,0.114,134,146,-5.95,-4.53,-12,194,166,254,16,"2",163,1.08,23
"219","Bobby Wagner","LB","WAS",84,3.04,0.406,81.8,86,-6,-6.18,-6.81,195,182,198,20,"3",NA,12.5,14
"220","Will Reichard","K","MIN",141,9.84,0.149,129,153,-6.06,-9.08,-5.31,196,216,179,17,"2",166,1.2,90
"221","Austin Ekeler","RB","WAS",109,9.41,2.98,93.4,118,-6.11,7.17,-23.2,197,91,395,39,"9",137,4.59,21
"222","Brandon McManus","K","GB",141,10.4,2.24,125,155,-6.21,-12.9,-3.03,198,251,162,18,"2",170,1.21,94
"223","Byron Murphy","DB","MIN",84.5,5.37,0.0653,81.1,88.5,-6.31,-5.79,-12.8,199,176,260,25,"3",NA,4.85,76
"224","Matthew Golden","WR","GB",124,22.4,0.000368,95.4,158,-6.32,-16.7,0.0452,200,297,129,41,"6",100,17.2,92
"225","Chris Godwin","WR","TB",124,24.9,2.98,93.8,159,-6.32,-18.3,0.966,201,323,118,42,"6",92.1,8.15,89
"226","Jeremy Chinn","DB","LVR",84.5,3.75,0.0589,82.1,87.2,-6.37,-4.82,-14.1,202,167,280,26,"3",NA,6.84,11
"227","Quincy Williams","LB","NYJ",83.6,0.919,0.362,83,84.3,-6.41,-4.94,-8.49,203,169,216,21,"3",NA,9.53,22
"228","Tyrique Stevenson","DB","CHI",84.4,4.88,0.296,81.3,88,-6.43,-5.6,-13.3,204,173,265,27,"3",NA,NA,87
"229","Vikings","DST","MIN",88.9,2.43,0.67,86,92.7,-6.5,-1.35,-14.1,205,138,279,7,"7",139,1.47,1
"230","Isaiah Likely","TE","BAL",83.1,13.7,0.305,65.9,104,-6.57,-14.3,-0.943,206,272,144,18,"5",149,3.09,77
"231","Will Anderson","DL","HOU",37.6,7,0.221,33.1,42.7,-6.62,-8.9,-5.05,207,213,177,30,"6",NA,9.31,52
"232","Riley Moss","DB","DEN",84.1,NA,0.6,NA,NA,-6.73,NA,NA,208,NA,NA,28,"3",NA,4.94,75
"233","Devin Lloyd","LB","JAC",83.2,2.69,0.0608,81.3,85,-6.77,-6.69,-7.8,209,186,210,22,"3",NA,3.98,15
"234","Tyrel Dodson","LB","MIA",83.2,11,1.62,76.2,91.2,-6.83,-11.8,-1.53,210,243,149,23,"3",NA,11.9,66
"235","Jermaine Johnson","DL","NYJ",37.4,2.19,0.364,35.8,38.8,-6.84,-6.25,-9.01,211,183,222,31,"6",NA,NA,29
"236","Jermaine Johnson","DL","NYJ",37.4,2.19,0.364,35.8,38.8,-6.84,-6.25,-9.01,211,183,222,31,"6",NA,NA,66
"237","Jake Ferguson","TE","DAL",82.8,6.37,1.21,76.1,93.7,-6.87,-4.12,-11.5,212,161,246,19,"5",134,4.45,14
"238","Bills","DST","BUF",88.2,10,2.05,69.6,95,-7.17,-17.7,-11.8,213,312,250,8,"8",127,1.94,35
"239","Keion White","DL","NE",37,NA,0.12,NA,NA,-7.21,NA,NA,214,NA,NA,32,"6",NA,NA,26
"240","Keion White","DL","NE",37,NA,0.12,NA,NA,-7.21,NA,NA,214,NA,NA,32,"6",NA,NA,9
"241","Tuli Tuipulotu","DL","LAC",36.9,1.34,0.68,36,37.9,-7.33,-5.98,-9.91,216,180,229,33,"6",NA,NA,27
"242","Tuli Tuipulotu","DL","LAC",36.9,1.34,0.68,36,37.9,-7.33,-5.98,-9.91,216,180,229,33,"6",NA,NA,97
"243","Christian Izien","DB","TB",83.5,NA,0.239,NA,NA,-7.33,NA,NA,215,NA,NA,29,"3",NA,1.61,4
"244","Taron Johnson","DB","BUF",83.3,0.212,0.615,83.1,83.4,-7.57,-3.77,-17.9,217,156,328,30,"3",NA,NA,16
"245","Davon Hamilton","DL","JAC",36.2,NA,0.0588,NA,NA,-8.01,NA,NA,218,NA,NA,34,"6",NA,NA,NA
"246","YaYa Diaby","DL","TB",36.1,7.85,0.0926,31.1,41.9,-8.07,-10.9,-5.87,219,235,189,35,"6",NA,3.5,62
"247","YaYa Diaby","DL","TB",36.1,7.85,0.0926,31.1,41.9,-8.07,-10.9,-5.87,219,235,189,35,"6",NA,3.5,91
"248","Dalton Kincaid","TE","BUF",81.6,8.39,1.33,66.6,90.5,-8.09,-13.6,-14.7,220,258,288,20,"6",137,4.1,31
"249","Kwity Paye","DL","IND",36,7.71,0.0486,31.1,41.7,-8.16,-10.9,-6.07,221,236,193,36,"6",NA,3.41,84
"250","Kenny Moore","DB","IND",82.6,6.79,0.619,78.3,87.6,-8.18,-8.57,-13.7,222,207,272,31,"3",NA,6.84,45
"251","Morgan Fox","DL","ATL",36,NA,0.137,NA,NA,-8.21,NA,NA,223,NA,NA,37,"6",NA,NA,NA
"252","D.J. Wonnum","DL","CAR",35.9,7.42,0.169,31.1,41.3,-8.35,-10.9,-6.46,224,237,195,38,"6",NA,NA,78
"253","Joshua Karty","K","LAR",139,4.72,1.29,131,145,-8.45,-7.23,-13.1,225,196,262,19,"2",184,0.983,3
"254","Azeez Al-Shaair","LB","HOU",81.6,0.849,0.0378,81,82.2,-8.45,-6.94,-10.6,226,190,232,24,"3",NA,10.8,24
"255","Tremaine Edmunds","LB","CHI",81.5,4.45,0.956,78.7,84.8,-8.49,-9.29,-7.97,227,218,211,25,"3",NA,7.99,44
"256","Trey Hendrickson","DL","CIN",35.7,1.06,0.556,35,36.5,-8.51,-6.98,-11.3,228,191,242,39,"7",NA,15.8,4
"257","Evan Williams","DB","GB",82,25.4,0.128,65.8,101,-8.8,-21.1,-0.63,229,357,134,32,"3",NA,2.47,89
"258","Jaylon Jones","DB","IND",81.9,NA,0.287,NA,NA,-8.93,NA,NA,230,NA,NA,33,"4",NA,2.78,NA
"259","Dak Prescott","QB","DAL",264,14.7,10.2,244,285,-9.06,-15.4,-11.4,231,284,245,15,"6",91,9.47,46
"260","Zach Sieler","DL","MIA",35.1,0.212,0.137,35,35.3,-9.07,-7,-12.5,232,192,257,40,"7",NA,6.34,3
"261","Tank Bigsby","RB","JAC",106,22.5,2.06,76.6,136,-9.09,-9.68,-5.82,233,223,185,40,"9",116,5.15,77
"262","Cameron Jordan","DL","NO",35,7.64,0.0653,30.1,40.6,-9.21,-11.9,-7.17,234,244,204,41,"7",NA,NA,95
"263","Justin Reid","DB","NO",81.6,5.52,0.113,78.1,85.7,-9.21,-8.79,-15.6,235,209,302,34,"4",NA,NA,62
"264","Steelers","DST","PIT",86.1,7.01,0.937,78.5,94.7,-9.22,-8.82,-12.1,236,211,255,9,"9",121,1.83,13
"265","Josh Sweat","DL","ARI",34.9,6.01,0.237,31.1,39.4,-9.27,-10.9,-8.43,237,238,215,42,"7",NA,3.29,65
"266","Josh Sweat","DL","ARI",34.9,6.01,0.237,31.1,39.4,-9.27,-10.9,-8.43,237,238,215,42,"7",NA,3.29,86
"267","Ricky Pearsall","WR","SF",121,18.5,0.807,98.1,152,-9.3,-14.1,-5.87,238,270,188,43,"6",110,5.63,74
"268","Kamren Kinchens","DB","LAR",81.5,NA,0.14,NA,NA,-9.33,NA,NA,239,NA,NA,35,"4",NA,NA,38
"269","Cade Otton","TE","TB",80.2,9.32,1.06,63,90.3,-9.42,-17.1,-14.9,240,307,292,21,"6",170,2.99,54
"270","Terrel Bernard","LB","BUF",80.6,9.83,0.875,73.3,86.9,-9.45,-14.6,-5.91,241,277,191,26,"4",NA,9.41,47
"271","Mike Sainristil","DB","WAS",81.4,4.03,0.458,78.4,83.9,-9.47,-8.47,-17.4,242,206,320,36,"4",NA,NA,27
"272","Kyle Van Noy","DL","BAL",34.7,NA,0.685,NA,NA,-9.51,NA,NA,243,NA,NA,43,"7",NA,4.99,60
"273","Kyle Van Noy","DL","BAL",34.7,NA,0.685,NA,NA,-9.51,NA,NA,243,NA,NA,43,"7",NA,4.99,55
"274","Jake Moody","K","SF",138,6.46,2.58,132,149,-9.73,-6.81,-9.55,244,189,227,20,"2",162,1.29,81
"275","Talanoa Hufanga","DB","DEN",80.9,17.3,0.158,69.9,93.6,-9.93,-17,-7.73,245,305,208,37,"4",NA,4.06,69
"276","Stefon Diggs","WR","NE",120,10.9,3.71,112,141,-10.1,0,-17.5,247,130,322,44,"6",100,11.3,29
"277","Devon Witherspoon","DB","SEA",80.7,8.77,0.0653,75.1,87.2,-10.1,-11.7,-14.1,246,242,282,38,"4",NA,4.44,44
"278","Quentin Lake","DB","LAR",80.7,7.14,0.177,76.1,85.9,-10.1,-10.8,-15.4,248,233,297,39,"4",NA,3.31,53
"279","49ers","DST","SF",85.2,11.2,0.0306,67.5,95.7,-10.2,-19.8,-11.1,249,340,237,10,"9",151,0.62,87
"280","Seahawks","DST","SEA",85.2,6.73,0.39,77.9,92.7,-10.2,-9.37,-14.1,250,221,281,11,"9",139,1.03,29
"281","Travon Walker","DL","JAC",34,0.283,0.0231,33.8,34.2,-10.2,-8.19,-13.6,251,202,269,44,"7",NA,7.1,1
"282","Travon Walker","DL","JAC",34,0.283,0.0231,33.8,34.2,-10.2,-8.19,-13.6,251,202,269,44,"7",NA,7.1,36
"283","Zach Allen","DL","DEN",34,3.04,0.48,32,36.2,-10.2,-9.95,-11.6,252,225,248,45,"7",NA,4.61,17
"284","Ivan Pace","LB","MIN",79.7,24.3,0.495,64.2,97.5,-10.3,-23.8,4.74,253,388,98,27,"4",NA,7.87,95
"285","Kyle Dugger","DB","NE",80.5,3.82,0.112,78.1,83.3,-10.3,-8.82,-18,254,210,331,40,"4",NA,11.3,20
"286","Xavier Woods","DB","TEN",80.4,2.12,0.381,79,81.9,-10.4,-7.84,-19.4,255,201,351,41,"4",NA,2.57,60
"287","Darren Waller","TE","MIA",79.2,13.8,2.59,67.9,104,-10.5,-12.3,-1.03,256,248,145,22,"6",173,9.18,97
"288","Packers","DST","GB",84.8,12.1,0.413,70.2,100,-10.6,-17.1,-6.37,257,306,194,12,"9",156,0.81,84
"289","Demarcus Lawrence","DL","SEA",33.5,8.41,0.4,28.1,39.7,-10.7,-13.9,-8.09,258,264,212,46,"7",NA,4.27,92
"290","Cody Barton","LB","TEN",79.2,3.04,1.68,77.2,81.4,-10.8,-10.7,-11.3,259,232,244,28,"4",NA,8.06,37
"291","Alontae Taylor","DB","NO",80,3.04,0.271,77.8,82,-10.8,-9.1,-19.4,260,217,350,42,"4",NA,2.47,24
"292","Chiefs","DST","KC",84.4,8.97,0.309,72.6,91.3,-11,-14.7,-15.4,261,278,300,13,"10",143,0.943,55
"293","Jordan Mason","RB","MIN",104,17.9,1.44,71.1,119,-11.1,-15.2,-22.4,265,283,385,41,"9",111,8.81,55
"294","Adam Butler","DL","LVR",33.1,1.7,0.0116,32,34.4,-11.1,-9.97,-13.4,263,226,267,47,"7",NA,NA,77
"295","Braden Fiske","DL","LAR",33.1,NA,0.2,NA,NA,-11.1,NA,NA,264,NA,NA,48,"7",NA,NA,87
"296","Derek Stingley Jr.","DB","HOU",79.7,19.4,1.45,67.3,94,-11.1,-19.6,-7.28,262,339,205,43,"4",NA,5.9,91
"297","Commanders","DST","WAS",84.1,14.6,0.535,64.7,98.4,-11.3,-22.6,-8.36,266,370,213,14,"10",171,0,81
"298","Jonah Laulu","DL","LVR",32.9,NA,0.02,NA,NA,-11.3,NA,NA,267,NA,NA,49,"7",NA,NA,NA
"299","Christian Barmore","DL","NE",32.9,1.34,0.038,32,33.9,-11.3,-9.98,-13.9,268,227,278,50,"7",NA,NA,53
"300","Quinnen Williams","DL","NYJ",32.8,1.77,0.0843,31.5,34,-11.4,-10.5,-13.8,269,229,275,51,"7",NA,NA,19
"301","Jonathon Cooper","DL","DEN",32.8,4.95,0.0144,29.1,35.9,-11.5,-12.9,-11.9,270,250,252,52,"7",NA,NA,40
"302","Jonathon Cooper","DL","DEN",32.8,4.95,0.0144,29.1,35.9,-11.5,-12.9,-11.9,270,250,252,52,"7",NA,NA,71
"303","George Karlaftis","DL","KC",32.7,8.77,0.0433,27.1,39.2,-11.5,-14.9,-8.6,271,279,217,53,"7",NA,4.87,94
"304","Joseph Ossai","DL","CIN",32.7,NA,0.485,NA,NA,-11.5,NA,NA,272,NA,NA,54,"7",NA,NA,39
"305","Giants","DST","NYG",83.5,15.8,0.0703,66.3,103,-11.8,-21,-4.17,273,356,170,15,"10",154,0.1,99
"306","Lions","DST","DET",83.5,11.8,0.174,65.2,94.2,-11.9,-22.1,-12.6,274,366,259,16,"10",146,1.61,48
"307","Malcolm Koonce","DL","LVR",32.2,6.43,0.115,28.1,36.9,-12,-13.9,-10.8,275,265,234,55,"8",NA,NA,75
"308","Chargers","DST","LAC",83.3,9.51,1.75,73,95,-12.1,-14.3,-11.8,276,273,251,17,"11",154,0.7,65
"309","Azeez Ojulari","DL","PHI",32.1,NA,0.1,NA,NA,-12.1,NA,NA,277,NA,NA,56,"8",NA,NA,16
"310","Derick Hall","DL","SEA",32.1,NA,0,NA,NA,-12.1,NA,NA,277,NA,NA,56,"8",NA,NA,68
"311","Poona Ford","DL","LAR",32,NA,0.139,NA,NA,-12.2,NA,NA,278,NA,NA,57,"8",NA,NA,NA
"312","Cam Little","K","JAC",135,7.35,0.114,126,149,-12.3,-12.1,-9.17,279,247,224,21,"2",174,1.86,42
"313","Zaven Collins","DL","ARI",31.9,0.212,0.223,31.7,32,-12.3,-10.3,-15.8,280,228,305,58,"8",NA,NA,64
"314","Jason Myers","K","SEA",135,4.59,3.5,129,140,-12.4,-9.29,-18.1,281,219,333,22,"3",150,0.6,10
"315","Patrick Queen","LB","PIT",77.5,0.778,0.263,77,78.1,-12.5,-10.9,-14.7,282,239,287,29,"4",NA,11.9,29
"316","Jaden Hicks","DB","KC",78.3,23.3,0.0972,63.3,95.4,-12.5,-23.5,-5.88,283,383,190,44,"4",NA,3.19,84
"317","Tyjae Spears","RB","TEN",103,12.3,0.272,86.2,116,-12.6,0,-26.1,285,130,424,42,"9",138,5.52,13
"318","Jonathan Allen","DL","MIN",31.6,3.61,0.217,29,33.9,-12.6,-13,-13.8,284,254,276,59,"8",NA,NA,49
"319","Tyler Nubin","DB","NYG",78.2,7.92,0.644,73.1,84,-12.6,-13.8,-17.3,286,262,318,45,"4",NA,NA,42
"320","Derek Barnett","DL","HOU",31.4,4.24,0.503,28.3,34.1,-12.8,-13.7,-13.6,288,261,271,60,"8",NA,NA,57
"321","Edgerrin Cooper","LB","GB",77.2,13.4,1.29,67.4,85.8,-12.8,-20.5,-6.96,287,346,201,30,"4",NA,NA,80
"322","Cam Skattebo","RB","NYG",102,23.6,3.72,75,141,-12.9,-11.2,-0.927,289,240,142,43,"9",105,11.9,76
"323","Pat Freiermuth","TE","PIT",76.6,9.55,0.463,64.3,88.5,-13.1,-15.9,-16.7,290,288,313,23,"6",161,2,60
"324","Cam Taylor-Britt","DB","CIN",77.5,2.05,0.0432,76.2,79,-13.3,-10.6,-22.3,291,230,381,46,"4",NA,NA,71
"325","Nick Scott","DB","CAR",77.5,NA,0.527,NA,NA,-13.3,NA,NA,293,NA,NA,47,"4",NA,NA,NA
"326","Juwan Johnson","TE","NO",76.1,8.04,0.753,64.1,85.9,-13.5,-16.1,-19.3,295,294,348,24,"6",198,1.62,46
"327","Rashid Shaheed","WR","NO",116,7.14,0.417,104,123,-13.8,-8.28,-35.1,300,203,494,45,"6",154,4.11,7
"328","Colts","DST","IND",81.5,4.87,0.849,74.2,86.8,-13.8,-13.1,-20,301,255,359,18,"12",164,0.4,19
"329","Harrison Smith","DB","MIN",77,1.48,0.68,76,78.1,-13.9,-10.9,-23.2,302,234,396,48,"4",NA,3.38,22
"330","Quay Walker","LB","GB",76,7.57,1.8,71.1,81.5,-14.1,-16.8,-11.2,304,300,241,31,"4",NA,5.26,20
"331","Cooper Kupp","WR","SEA",116,19.6,0.131,98,152,-14.2,-14.1,-5.83,307,271,187,46,"6",94.5,15.1,68
"332","Dalton Schultz","TE","HOU",75.4,10.5,0.465,59.4,88.3,-14.3,-20.8,-16.9,309,350,316,25,"6",188,2.96,63
"333","Darnell Mooney","WR","ATL",116,10.3,0.392,105,132,-14.4,-7.02,-26.1,310,193,421,47,"6",138,3.18,14
"334","Deommodore Lenoir","DB","SF",76.3,0.141,0.231,76.2,76.4,-14.5,-10.7,-24.9,311,231,411,49,"4",NA,NA,47
"335","Brenton Strange","TE","JAC",74.9,10,0.0491,61.4,88.9,-14.7,-18.8,-16.3,314,327,309,26,"6",174,3.69,74
"336","Bears","DST","CHI",80.7,9.51,0.148,67.9,91.4,-14.7,-19.4,-15.4,313,337,299,19,"12",152,0.55,45
"337","Keon Coleman","WR","BUF",116,15.9,1.42,95.5,137,-14.8,-16.6,-20.7,315,296,364,48,"6",122,4.34,64
"338","Chigoziem Okonkwo","TE","TEN",74.8,11.9,0.891,61,91.5,-14.8,-19.2,-13.7,317,336,274,27,"6",185,1.65,71
"339","Browns","DST","CLE",80.5,10,0.476,66.3,91,-14.8,-21,-15.8,318,354,304,20,"13",169,0,90
"340","Malaki Starks","DB","BAL",76.1,19.9,0.57,63.3,90.7,-14.8,-23.6,-10.6,316,384,233,50,"4",NA,NA,80
"341","Bengals","DST","CIN",80.1,6.32,1.19,72.2,88.9,-15.3,-15.1,-17.9,325,282,326,21,"14",161,0,32
"342","Will Harris","DB","WAS",75.5,32.8,0.0912,54.5,99.6,-15.3,-32.4,-1.71,326,457,151,51,"4",NA,2.93,95
"343","Josh Jobe","DB","SEA",75.4,NA,0.274,NA,NA,-15.4,NA,NA,328,NA,NA,52,"4",NA,NA,NA
"344","Tyler Higbee","TE","LAR",74,13.2,0.511,54.8,92,-15.7,-25.3,-13.2,332,407,263,28,"6",202,1.87,94
"345","Jalen Pitre","DB","HOU",75.1,12,0.869,66.3,82.8,-15.7,-20.6,-18.5,333,347,339,53,"4",NA,NA,55
"346","Cairo Santos","K","CHI",132,5.04,0.584,124,138,-15.9,-14.5,-20.4,338,275,362,23,"3",142,0.8,26
"347","Jack Campbell","LB","DET",74.2,1.77,0.663,73,75.5,-15.9,-14.9,-17.3,337,280,319,32,"5",NA,NA,17
"348","Khalil Shakir","WR","BUF",114,11.1,4.85,100,131,-16.2,-11.7,-26.6,342,241,429,49,"7",114,5.65,24
"349","Mike Gesicki","TE","CIN",73.4,5.13,2,67.3,80.3,-16.2,-12.8,-24.9,343,249,410,29,"7",177,4.49,26
"350","Blake Grupe","K","NO",131,8.92,0.273,121,147,-16.5,-17.8,-10.9,348,314,235,24,"3",170,0,55
"351","Jets","DST","NYJ",78.9,9.53,0.261,67.3,90.9,-16.5,-20,-15.9,346,345,306,22,"14",172,0.3,61
"352","Christian Rozeboom","LB","CAR",73.5,14.5,0.0843,64.2,84.1,-16.5,-23.7,-8.62,349,386,218,33,"5",NA,6.55,85
"353","Rachaad White","RB","TB",98.7,11.8,7.96,80.5,113,-16.6,-5.73,-28.9,352,174,451,44,"10",120,9.05,24
"354","Demario Davis","LB","NO",73.4,11.3,0.0949,66.2,81.7,-16.6,-21.8,-11,354,359,236,34,"5",NA,7.82,64
"355","Amani Hooker","DB","TEN",74.3,24.8,0.0531,58.4,92.5,-16.6,-28.5,-8.82,351,428,220,54,"5",NA,3.98,85
"356","Kamari Lassiter","DB","HOU",74.2,1.84,0.0528,73,75.6,-16.6,-13.8,-25.8,355,263,416,55,"5",NA,NA,1
"357","Cardinals","DST","ARI",78.6,13.5,0.491,61.1,93.4,-16.7,-26.3,-13.3,359,414,266,23,"15",170,0.55,94
"358","Jaylon Carlies","LB","IND",73.3,3.54,1.39,71.1,75.9,-16.7,-16.9,-16.8,358,301,315,35,"5",NA,5.57,53
"359","Jaylon Carlies","LB","IND",73.3,3.54,1.39,71.1,75.9,-16.7,-16.9,-16.8,358,301,315,35,"5",NA,5.57,81
"360","Kamren Curl","DB","LAR",74.2,7.71,0.246,68.5,79.1,-16.7,-18.4,-22.2,356,324,380,56,"5",NA,NA,82
"361","Chad Ryland","K","ARI",131,11.6,0.973,116,150,-16.8,-22.7,-8.42,360,373,214,25,"3",170,0,97
"362","Christian Gonzalez","DB","NE",73.9,7.78,0.168,68.2,78.9,-16.9,-18.7,-22.4,362,326,386,57,"5",NA,NA,58
"363","Marlon Humphrey","DB","BAL",73.7,0.707,0.0483,73.2,74.2,-17.1,-13.7,-27.1,363,259,437,58,"5",NA,5.45,40
"364","Nate Wiggins","DB","BAL",73.7,5.02,0.289,70.5,77.4,-17.1,-16.4,-23.9,364,295,403,59,"5",NA,NA,31
"365","Raiders","DST","LVR",78.1,11,0.0488,63.2,91.1,-17.2,-24.1,-15.7,366,397,303,24,"15",170,0.1,68
"366","Buccaneers","DST","TB",78.1,8.21,0.0971,64.8,87.9,-17.3,-22.5,-18.9,367,368,343,25,"15",162,0.6,16
"367","Falcons","DST","ATL",78,8.17,3.16,68.2,91.5,-17.4,-19.1,-15.3,368,332,295,26,"16",169,0,23
"368","Ugo Amadi","DB","NO",73.4,NA,0.0841,NA,NA,-17.4,NA,NA,370,NA,NA,60,"5",NA,4.1,NA
"369","Spencer Shrader","K","IND",130,10.5,6.32,116,145,-17.8,-22.7,-13.2,374,372,264,26,"4",170,0,77
"370","Blake Cashman","LB","MIN",71.9,1.41,2.72,71,73,-18.1,-16.9,-19.8,379,304,355,36,"5",NA,8.42,7
"371","Taysom Hill","TE","NO",71.4,8.15,1.62,63.4,79.3,-18.2,-16.8,-25.9,380,299,420,30,"7",154,1.34,80
"372","C.J. Stroud","QB","HOU",254,14.5,0.0196,231,274,-19.3,-28.6,-22.1,397,429,378,16,"6",111,8.38,31
"373","Drake Maye","QB","NE",254,16.1,1.86,231,269,-19.3,-28.7,-26.7,399,430,431,17,"7",123,7.23,54
"374","Theo Johnson","TE","NYG",69.8,10.5,1.79,57,85.9,-19.8,-23.1,-19.3,406,380,346,31,"7",185,1.88,66
"375","Saints","DST","NO",74.8,13.5,0.206,55.5,87,-20.5,-31.8,-19.7,413,456,354,27,"16",167,0,52
"376","Dolphins","DST","MIA",74.6,10.7,1.97,61.9,90.5,-20.7,-25.4,-16.3,414,408,310,28,"17",170,0,71
"377","Carson Schwesinger","LB","CLE",69.2,8.84,1.17,62.7,74.9,-20.8,-25.2,-17.9,417,406,327,37,"5",NA,NA,90
"378","Michael Pittman","WR","IND",109,9.47,0.422,98.6,126,-21,-13.5,-32.3,421,257,472,50,"7",116,9.2,6
"379","Trevor Lawrence","QB","JAC",252,14.5,0.202,229,267,-21.1,-30.8,-28.9,425,447,450,18,"7",133,6.22,26
"380","Jordan Love","QB","GB",252,13,2.43,232,264,-21.3,-27.8,-32.3,428,423,473,19,"7",110,7.17,40
"381","Josh Downs","WR","IND",109,17.2,1.87,92.6,139,-21.5,-19.5,-19,430,338,344,51,"7",127,3.37,49
"382","Mason Taylor","TE","NYJ",68,12.1,5.14,56.2,88.6,-21.6,-24,-16.6,433,395,311,32,"7",171,3.2,86
"383","Tyrice Knight","LB","SEA",68,7.57,0.875,62.5,72.9,-22,-25.5,-19.9,440,410,358,38,"6",NA,NA,75
"384","Titans","DST","TEN",72.6,14,0.628,56.4,88.7,-22.7,-30.9,-18.1,449,449,334,29,"18",170,0,58
"385","Jerome Baker","LB","CLE",67.2,6.36,0.112,63.1,71.8,-22.8,-24.9,-20.9,451,402,369,39,"6",NA,5.35,88
"386","Micah McFadden","LB","NYG",67.1,4.67,0.509,64.1,70.5,-23,-23.9,-22.3,452,391,383,40,"6",NA,6.41,58
"387","Rashod Bateman","WR","BAL",107,20,2.6,82.2,135,-23.3,-30,-22.7,459,441,387,52,"7",156,4.32,71
"388","Jaguars","DST","JAC",72,12.7,2.98,51.3,87,-23.3,-36.1,-19.8,460,478,356,30,"19",170,0,74
"389","Frankie Luvu","LB","WAS",66.5,3.89,0.68,64.1,69.4,-23.5,-23.9,-23.4,461,392,397,41,"6",NA,7.39,25
"390","J.J. McCarthy","QB","MIN",250,18.2,6.77,227,268,-23.8,-32.6,-27.7,468,458,442,20,"7",124,6.67,83
"391","Nick Folk","K","NYJ",123,7.61,1.87,115,135,-24.1,-23.3,-23.7,475,381,399,27,"4",170,0,65
"392","Nakobe Dean","LB","PHI",65.9,22.7,0.222,51.3,82.5,-24.1,-36.6,-10.2,478,487,231,42,"6",NA,5.74,97
"393","Elandon Roberts","LB","LVR",65.6,6.65,0.28,60.8,69.9,-24.4,-27.2,-22.9,481,418,390,43,"6",NA,9.26,69
"394","Jerome Ford","RB","CLE",90.8,21.1,1.43,72.2,129,-24.5,-14,-12.5,485,269,258,45,"10",134,6.51,83
"395","Payton Wilson","LB","PIT",65.4,7.99,0.484,59.5,70.5,-24.6,-28.5,-22.3,487,427,384,44,"6",NA,NA,49
"396","Pete Werner","LB","NO",64.9,8.98,0.782,59.1,71.5,-25.1,-28.8,-21.3,496,432,373,45,"6",NA,3.17,78
"397","Marvin Mims","WR","DEN",104,22,4.61,75.9,141,-25.9,-36.2,-17.1,510,481,317,53,"7",144,2.59,81
"398","Jeremiah Owusu-Koramoah","LB","CLE",64.1,NA,0.102,NA,NA,-25.9,NA,NA,509,NA,NA,46,"6",NA,NA,99
"399","Ray Davis","RB","BUF",89.3,15.1,0.707,67.1,108,-26,-19.2,-33.3,512,334,482,46,"10",143,2.58,44
"400","Graham Gano","K","NYG",121,14.1,0.172,102,143,-26,-36.1,-14.9,511,479,291,28,"4",170,0,87
"401","Henry To'oTo'o","LB","HOU",64,7.64,2.99,58.4,68.9,-26,-29.6,-23.9,514,438,402,47,"6",NA,3.7,83
"402","Joey Slye","K","TEN",121,5.13,1.52,114,130,-26.1,-24.2,-28.4,517,398,447,29,"4",170,0,13
"403","Panthers","DST","CAR",69,13.8,1.37,57,91.4,-26.3,-30.3,-15.4,520,443,298,31,"20",169,0,42
"404","Tyler Allgeier","RB","ATL",88.6,6.23,3.59,82.3,97.5,-26.7,-3.91,-44.1,524,158,540,47,"10",157,6.14,1
"405","Robbie Ouzts","TE","SEA",62.9,NA,0.227,NA,NA,-26.7,NA,NA,528,NA,NA,33,"8",NA,NA,89
"406","Elijah Arroyo","TE","SEA",62.7,22.6,4.97,28.5,89.3,-27,-51.7,-15.9,531,546,307,34,"8",175,3.64,99
"407","Matthew Wright","K","CAR",120,8.52,0.949,109,133,-27.6,-29,-25.2,544,434,413,30,"4",NA,NA,52
"408","Patriots","DST","NE",67.7,10.5,0,56,83,-27.7,-31.3,-23.8,545,451,401,32,"20",163,0.9,77
"409","Dustin Hopkins","K","CLE",119,14.3,0.224,97.9,138,-28.6,-40.5,-20.8,561,502,368,31,"4",170,0,84
"410","Andres Borregales","K","NE",119,15.9,45.1,91.7,136,-28.8,-46.6,-22,563,525,376,32,"5",170,0,99
"411","Christian Elliss","LB","NE",61,22.9,1.47,46.3,77.8,-29,-41.6,-14.9,565,510,290,48,"7",NA,5.76,93
"412","Jaydon Blue","RB","DAL",85,19.6,0.814,55.9,110,-30.3,-30.3,-31.1,588,442,461,48,"10",139,6.17,85
"413","Matthew Stafford","QB","LAR",243,22.5,0.845,218,278,-30.5,-41.8,-18,592,513,332,21,"7",147,4.69,63
"414","Brandon Aiyuk","WR","SF",99.7,32.7,0.726,70.7,161,-30.5,-41.4,2.73,591,508,108,54,"7",128,6.23,96
"415","Jack Sanborn","LB","DAL",59.5,8.34,0.276,53.4,64.9,-30.5,-34.5,-27.9,590,472,444,49,"7",NA,10.2,63
"416","Nick Martin","LB","SF",59.3,1.13,0.0303,58.4,60,-30.7,-29.5,-32.8,595,437,474,50,"7",NA,NA,54
"417","Dre Greenlaw","LB","DEN",59.2,40.9,0.0221,29.2,85.4,-30.8,-58.8,-7.37,596,572,206,51,"7",NA,8.81,98
"418","Kenneth Murray","LB","DAL",59.2,9.48,0.207,53.1,66.2,-30.8,-34.8,-26.6,597,475,430,52,"7",NA,6.62,71
"419","Otis Reese","LB","TEN",59,NA,0.24,NA,NA,-31,NA,NA,598,NA,NA,53,"7",NA,1.97,NA
"420","Rico Dowdle","RB","CAR",84.2,16.7,1.66,64.6,115,-31.1,-21.6,-26.9,599,358,434,49,"10",156,3.23,62
"421","Demetrius Knight","LB","CIN",58.8,2.69,0.106,57,60.7,-31.2,-30.9,-32,603,448,470,54,"7",NA,NA,51
"422","Amari Cooper","WR","FA",99,NA,0.377,NA,NA,-31.3,NA,NA,604,NA,NA,55,"7",165,4.6,99
"423","Bryce Young","QB","CAR",242,14.7,1.33,219,263,-31.4,-40.4,-32.9,608,501,477,22,"7",144,4.73,34
"424","Trevin Wallace","LB","CAR",58.7,9.69,0.753,51.5,64.9,-31.4,-36.4,-27.9,606,483,445,55,"7",NA,NA,59
"425","Keenan Allen","WR","LAC",98.6,17.6,1.16,75.6,118,-31.6,-36.5,-39.9,613,484,520,56,"8",133,4.22,97
"426","Noah Gray","TE","KC",57.7,11.7,2.34,39.7,71,-31.9,-40.5,-34.2,615,503,491,35,"8",206,2.11,69
"427","Akeem Davis-Gaither","LB","ARI",57.9,10.5,0.68,51.2,65.6,-32.1,-36.8,-27.1,619,491,438,56,"7",NA,5.86,86
"428","Geno Smith","QB","LVR",241,16.3,1.56,216,258,-32.7,-43,-38.3,625,516,508,23,"7",150,3.66,29
"429","Trey Benson","RB","ARI",82.6,16.6,0.0554,58.3,103,-32.7,-28,-38.4,627,424,509,50,"10",139,3.82,49
"430","Nick Chubb","RB","HOU",82.5,21.5,0.335,63.6,119,-32.8,-22.7,-23.1,629,371,392,51,"10",147,6.22,93
"431","Adam Thielen","WR","CAR",97.5,13.9,1.84,79.1,114,-32.8,-33,-43.7,630,463,538,57,"8",165,2.27,60
"432","Divine Deablo","LB","ATL",57.2,4.24,0.878,54.1,59.9,-32.8,-33.8,-32.8,628,467,476,57,"7",NA,7.78,76
"433","Isaac Guerendo","RB","SF",82.2,15.5,3.1,67.6,105,-33.1,-18.6,-36.6,632,325,502,52,"10",147,3.54,54
"434","Omar Speights","LB","LAR",56.3,2.05,1.05,55,57.8,-33.7,-32.9,-34.9,636,462,493,58,"7",NA,4.22,61
"435","Tua Tagovailoa","QB","MIA",239,22.1,6.6,210,268,-34.3,-48.9,-27.8,641,533,443,24,"8",134,5.18,57
"436","Ja'Tavion Sanders","TE","CAR",55.4,7.16,1.31,46.1,64.4,-34.3,-34.1,-40.8,642,469,526,36,"8",184,2.56,40
"437","Emeka Egbuka","WR","TB",95.6,18.6,3.49,78.6,132,-34.6,-33.5,-26.1,646,464,422,58,"8",116,21.2,83
"438","Drue Tranquill","LB","KC",55.3,1.98,1.51,54,56.8,-34.7,-33.9,-36,647,468,498,59,"8",NA,NA,73
"439","Kareem Hunt","RB","KC",79.1,24.1,4.76,59.8,126,-36.2,-26.4,-15.5,663,415,301,53,"11",152,2.92,90
"440","Junior Colson","LB","LAC",53.8,1.2,0.863,53,54.7,-36.2,-34.9,-38.1,662,476,507,60,"8",NA,NA,68
"441","Quentin Johnston","WR","LAC",92.1,29.3,1.31,54.1,126,-38.1,-58.1,-31.9,677,568,468,59,"8",165,2.72,90
"442","Romeo Doubs","WR","GB",90.8,14.5,0.58,73.2,108,-39.4,-38.9,-49.8,689,497,558,60,"8",170,2.73,43
"443","Alec Pierce","WR","IND",90.2,31.2,0.917,49.4,127,-40,-62.7,-30.9,696,592,460,61,"8",192,2.97,93
"444","Michael Penix Jr.","QB","ATL",233,8.93,2.19,223,247,-40.9,-35.9,-49.3,704,477,556,25,"8",142,5.04,14
"445","Jayden Higgins","WR","HOU",89.3,37.2,1.31,22.5,127,-40.9,-89.6,-31.4,706,713,463,62,"8",134,13.6,99
"446","Bhayshul Tuten","RB","JAC",74.3,23.3,1.01,37.6,107,-41,-48.6,-34.2,707,530,492,54,"11",151,5.97,96
"447","Roschon Johnson","RB","CHI",73.3,16,2.05,54.4,100,-42,-31.8,-41.5,712,455,530,55,"11",169,3.57,51
"448","Cedric Tillman","WR","CLE",88,11,0.188,71.4,102,-42.2,-40.7,-56,716,504,579,63,"8",175,2.4,26
"449","Xavier Legette","WR","CAR",87.8,14.6,0.198,66.9,107,-42.4,-45.2,-51.4,718,520,563,64,"8",163,1.41,51
"450","Marquise Brown","WR","KC",87.6,24.4,0.572,42.9,113,-42.6,-69.2,-45.2,719,624,543,65,"8",155,3.44,85
"451","Aaron Rodgers","QB","PIT",230,24.5,3.1,209,274,-43.1,-50.4,-22.2,724,539,379,26,"8",155,5.44,71
"452","Christian Kirk","WR","HOU",87.1,16.9,2.06,70.6,110,-43.2,-41.5,-47.7,726,509,549,66,"8",156,4.26,53
"453","Braelon Allen","RB","NYJ",71.3,12.2,2.87,50.1,83.8,-44,-36.1,-57.8,728,480,583,56,"11",154,3.46,34
"454","Michael Wilson","WR","ARI",85,12.5,2.1,69.5,100,-45.3,-42.6,-57.9,733,514,584,67,"8",200,1.22,46
"455","Sam Darnold","QB","SEA",227,16,11,205,247,-46.2,-54.4,-49.3,739,553,554,27,"9",146,3.93,20
"456","Justice Hill","RB","BAL",68.4,10.6,0.298,55.7,86.8,-46.9,-30.6,-54.9,746,444,575,57,"11",182,2.32,37
"457","Zack Moss","RB","FA",68.1,NA,0.416,NA,NA,-47.2,NA,NA,750,NA,NA,58,"11",192,1,80
"458","Demario Douglas","WR","NE",82.9,13,1.09,63,99.8,-47.4,-49.1,-58.2,752,534,586,68,"9",177,3.95,56
"459","Jaylen Wright","RB","MIA",67.7,21.8,3.66,36.7,102,-47.6,-49.6,-39.7,753,538,517,59,"11",167,2.95,75
"460","Wan'Dale Robinson","WR","NYG",81.8,13.2,4.27,59.3,94.1,-48.5,-52.8,-63.9,763,548,600,69,"9",178,2.22,61
"461","Dylan Sampson","RB","CLE",64,28.2,3.26,15.9,96.4,-51.3,-70.3,-45.2,775,633,544,60,"11",154,4.45,94
"462","Darius Slayton","WR","NYG",77.5,16.7,0.721,62.6,108,-52.7,-49.5,-49.6,781,537,557,70,"9",210,1.03,76
"463","Luther Burden","WR","CHI",76.8,23.4,1.02,41.5,112,-53.4,-70.6,-46.1,786,634,546,71,"9",155,12.6,86
"464","MarShawn Lloyd","RB","GB",60.8,25.5,0.182,26.6,101,-54.5,-59.6,-40.3,797,574,523,61,"11",182,1.22,92
"465","Josh Palmer","WR","BUF",75.8,19.4,2.02,49,99.2,-54.5,-63.1,-58.9,795,593,589,72,"9",173,3.61,82
"466","Miles Sanders","RB","DAL",60.6,9.42,0.0824,49.7,71.9,-54.7,-36.6,-69.7,799,486,618,62,"11",193,1.91,42
"467","Kendre Miller","RB","NO",60.5,25.1,0.703,40.3,108,-54.8,-46,-33.8,800,524,489,63,"11",179,3.1,89
"468","Gus Edwards","RB","FA",59.8,NA,0.876,NA,NA,-55.5,NA,NA,806,NA,NA,64,"11",NA,NA,99
"469","Ty Johnson","RB","BUF",58.9,17.7,4.71,41,83.7,-56.4,-45.3,-57.9,812,521,585,65,"12",211,0.9,72
"470","Cam Ward","QB","TEN",216,23.2,24.9,182,244,-57.2,-77,-52,818,664,567,28,"10",147,32.3,49
"471","Audric Estime","RB","DEN",54.2,10.6,0.323,45.5,65.5,-61.1,-40.7,-76.2,851,505,642,66,"12",NA,2.35,63
"472","Raheem Mostert","RB","LVR",53.9,21.2,3.34,29.2,91.7,-61.4,-57,-49.9,854,559,560,67,"12",191,1.44,82
"473","Samaje Perine","RB","CIN",50.6,28.3,1.08,27.5,101,-64.8,-58.7,-41,874,571,527,68,"12",164,0.912,97
"474","Cam Akers","RB","NO",49.5,0.53,0.108,49.1,49.8,-65.8,-37.1,-91.8,884,492,697,69,"12",230,2.47,20
"475","Devin Singletary","RB","NYG",49.4,24.2,2.2,10.2,77.5,-65.9,-76.1,-64.1,888,660,602,70,"12",199,1.19,87
"476","Sean Tucker","RB","TB",47.2,12.5,0.773,33.4,61.6,-68.1,-52.8,-80,913,549,651,71,"12",198,2.9,59
"477","Alexander Mattison","RB","MIA",46.4,14.5,0.298,37.1,57,-68.9,-49.1,-84.6,920,535,667,72,"12",245,2.93,18
"478","Anthony Richardson","QB","IND",191,64.9,14.4,102,270,-82.1,-157,-26.2,1040,776,425,29,"11",129,6.03,91
"479","Russell Wilson","QB","NYG",177,43.8,49,110,232,-96.5,-149,-63.7,1140,775,599,30,"12",145,3.58,86
"480","Tyler Shough","QB","NO",128,27.6,26.7,75.4,153,-146,-184,-143,1250,777,772,31,"13",164,5.26,69
"481","Daniel Jones","QB","IND",101,45.3,13.4,36,155,-172,-223,-141,1250,779,769,32,"13",175,3.85,89
"482","Kirk Cousins","QB","ATL",87.8,100,2.32,0.569,209,-186,-259,-87.3,1250,817,680,33,"14",177,1.41,97
"483","Joe Flacco","QB","CLE",85.5,27.9,1.62,39.8,116,-188,-220,-180,1250,778,783,34,"14",190,2.69,77
"484","Spencer Rattler","QB","NO",83.9,79.1,17.4,16.5,226,-190,-243,-69.9,1250,783,621,35,"15",187,1.67,94
"485","Deshaun Watson","QB","CLE",66.5,47.1,7,34.2,99.1,-207,-225,-197,1260,780,784,36,"15",286,0.84,99
